state,education,year
Alabama,1.18,2020
Alaska,1.014,2020
Arizona,1.112,2020
Arkansas,1.115,2020
California,1.099,2020
Colorado,1.062,2020
Connecticut,1.134,2020
Delaware,1.148,2020
Florida,1.125,2020
Georgia,1.174,2020
Hawaii,1.092,2020
Idaho,1.058,2020
Illinois,1.131,2020
Indiana,1.122,2020
Iowa,1.08,2020
Kansas,1.097,2020
Kentucky,1.116,2020
Louisiana,1.187,2020
Maine,1.145,2020
Maryland,1.158,2020
Massachusetts,1.128,2020
Michigan,1.115,2020
Minnesota,1.087,2020
Mississippi,1.205,2020
Missouri,1.122,2020
Montana,1.052,2020
Nebraska,1.112,2020
Nevada,1.076,2020
New Hampshire,1.078,2020
New Jersey,1.141,2020
New Mexico,1.12,2020
New York,1.169,2020
North Carolina,1.17,2020
North Dakota,1.071,2020
Ohio,1.127,2020
Oklahoma,1.117,2020
Oregon,1.106,2020
Pennsylvania,1.132,2020
Rhode Island,1.127,2020
South Carolina,1.17,2020
South Dakota,1.054,2020
Tennessee,1.148,2020
Texas,1.13,2020
Utah,1.063,2020
Vermont,1.121,2020
Virginia,1.114,2020
Washington,1.062,2020
West Virginia,1.09,2020
Wisconsin,1.114,2020
Wyoming,0.981,2020
Alabama,1.184,2019
Alaska,1.059,2019
Arizona,1.107,2019
Arkansas,1.128,2019
California,1.096,2019
Colorado,1.062,2019
Connecticut,1.153,2019
Delaware,1.176,2019
Florida,1.121,2019
Georgia,1.193,2019
Hawaii,1.109,2019
Idaho,1.044,2019
Illinois,1.126,2019
Indiana,1.116,2019
Iowa,1.078,2019
Kansas,1.112,2019
Kentucky,1.115,2019
Louisiana,1.185,2019
Maine,1.133,2019
Maryland,1.164,2019
Massachusetts,1.127,2019
Michigan,1.118,2019
Minnesota,1.077,2019
Mississippi,1.194,2019
Missouri,1.124,2019
Montana,1.064,2019
Nebraska,1.119,2019
Nevada,1.099,2019
New Hampshire,1.081,2019
New Jersey,1.141,2019
New Mexico,1.126,2019
New York,1.168,2019
North Carolina,1.174,2019
North Dakota,1.104,2019
Ohio,1.126,2019
Oklahoma,1.125,2019
Oregon,1.116,2019
Pennsylvania,1.128,2019
Rhode Island,1.141,2019
South Carolina,1.196,2019
South Dakota,1.05,2019
Tennessee,1.173,2019
Texas,1.121,2019
Utah,1.062,2019
Vermont,1.088,2019
Virginia,1.126,2019
Washington,1.069,2019
West Virginia,1.064,2019
Wisconsin,1.119,2019
Wyoming,0.975,2019
Alabama,1.168,2018
Alaska,0.947,2018
Arizona,1.108,2018
Arkansas,1.1,2018
California,1.103,2018
Colorado,1.067,2018
Connecticut,1.132,2018
Delaware,1.141,2018
Florida,1.124,2018
Georgia,1.174,2018
Hawaii,1.113,2018
Idaho,1.062,2018
Illinois,1.14,2018
Indiana,1.143,2018
Iowa,1.093,2018
Kansas,1.1,2018
Kentucky,1.123,2018
Louisiana,1.197,2018
Maine,1.171,2018
Maryland,1.149,2018
Massachusetts,1.123,2018
Michigan,1.116,2018
Minnesota,1.082,2018
Mississippi,1.198,2018
Missouri,1.123,2018
Montana,1.055,2018
Nebraska,1.091,2018
Nevada,1.075,2018
New Hampshire,1.072,2018
New Jersey,1.143,2018
New Mexico,1.106,2018
New York,1.167,2018
North Carolina,1.167,2018
North Dakota,1.048,2018
Ohio,1.131,2018
Oklahoma,1.129,2018
Oregon,1.094,2018
Pennsylvania,1.14,2018
Rhode Island,1.12,2018
South Carolina,1.184,2018
South Dakota,1.018,2018
Tennessee,1.142,2018
Texas,1.127,2018
Utah,1.071,2018
Vermont,1.125,2018
Virginia,1.106,2018
Washington,1.065,2018
West Virginia,1.071,2018
Wisconsin,1.112,2018
Wyoming,0.996,2018
Alabama,1.161,2015
Alaska,0.972,2015
Arizona,1.103,2015
Arkansas,1.129,2015
California,1.104,2015
Colorado,1.079,2015
Connecticut,1.123,2015
Delaware,1.15,2015
Florida,1.135,2015
Georgia,1.176,2015
Hawaii,1.064,2015
Idaho,1.037,2015
Illinois,1.133,2015
Indiana,1.122,2015
Iowa,1.084,2015
Kansas,1.092,2015
Kentucky,1.124,2015
Louisiana,1.182,2015
Maine,1.129,2015
Maryland,1.156,2015
Massachusetts,1.122,2015
Michigan,1.12,2015
Minnesota,1.09,2015
Mississippi,1.197,2015
Missouri,1.15,2015
Montana,1.086,2015
Nebraska,1.108,2015
Nevada,1.074,2015
New Hampshire,1.096,2015
New Jersey,1.134,2015
New Mexico,1.147,2015
New York,1.168,2015
North Carolina,1.17,2015
North Dakota,1.071,2015
Ohio,1.121,2015
Oklahoma,1.11,2015
Oregon,1.107,2015
Pennsylvania,1.138,2015
Rhode Island,1.155,2015
South Carolina,1.167,2015
South Dakota,1.062,2015
Tennessee,1.167,2015
Texas,1.129,2015
Utah,1.054,2015
Vermont,1.103,2015
Virginia,1.121,2015
Washington,1.06,2015
West Virginia,1.088,2015
Wisconsin,1.115,2015
Wyoming,0.984,2015
Alabama,1.175,2014
Alaska,1.021,2014
Arizona,1.1,2014
Arkansas,1.117,2014
California,1.093,2014
Colorado,1.098,2014
Connecticut,1.117,2014
Delaware,1.175,2014
Florida,1.12,2014
Georgia,1.167,2014
Hawaii,1.083,2014
Idaho,1.067,2014
Illinois,1.134,2014
Indiana,1.124,2014
Iowa,1.093,2014
Kansas,1.082,2014
Kentucky,1.113,2014
Louisiana,1.179,2014
Maine,1.139,2014
Maryland,1.162,2014
Massachusetts,1.131,2014
Michigan,1.133,2014
Minnesota,1.077,2014
Mississippi,1.198,2014
Missouri,1.121,2014
Montana,1.064,2014
Nebraska,1.093,2014
Nevada,1.068,2014
New Hampshire,1.081,2014
New Jersey,1.128,2014
New Mexico,1.109,2014
New York,1.171,2014
North Carolina,1.168,2014
North Dakota,1.055,2014
Ohio,1.129,2014
Oklahoma,1.123,2014
Oregon,1.117,2014
Pennsylvania,1.133,2014
Rhode Island,1.12,2014
South Carolina,1.175,2014
South Dakota,1.075,2014
Tennessee,1.156,2014
Texas,1.127,2014
Utah,1.044,2014
Vermont,1.07,2014
Virginia,1.111,2014
Washington,1.052,2014
West Virginia,1.088,2014
Wisconsin,1.109,2014
Wyoming,0.973,2014
Alabama,1.181,2016
Alaska,1.042,2016
Arizona,1.106,2016
Arkansas,1.135,2016
California,1.097,2016
Colorado,1.063,2016
Connecticut,1.116,2016
Delaware,1.168,2016
Florida,1.136,2016
Georgia,1.187,2016
Hawaii,1.089,2016
Idaho,1.051,2016
Illinois,1.133,2016
Indiana,1.126,2016
Iowa,1.081,2016
Kansas,1.087,2016
Kentucky,1.11,2016
Louisiana,1.193,2016
Maine,1.136,2016
Maryland,1.169,2016
Massachusetts,1.138,2016
Michigan,1.123,2016
Minnesota,1.078,2016
Mississippi,1.243,2016
Missouri,1.112,2016
Montana,1.078,2016
Nebraska,1.108,2016
Nevada,1.078,2016
New Hampshire,1.092,2016
New Jersey,1.139,2016
New Mexico,1.092,2016
New York,1.175,2016
North Carolina,1.168,2016
North Dakota,1.071,2016
Ohio,1.128,2016
Oklahoma,1.128,2016
Oregon,1.083,2016
Pennsylvania,1.133,2016
Rhode Island,1.129,2016
South Carolina,1.161,2016
South Dakota,1.112,2016
Tennessee,1.159,2016
Texas,1.126,2016
Utah,1.055,2016
Vermont,1.129,2016
Virginia,1.119,2016
Washington,1.059,2016
West Virginia,1.105,2016
Wisconsin,1.119,2016
Wyoming,0.964,2016
Alabama,1.168,2017
Alaska,0.947,2017
Arizona,1.108,2017
Arkansas,1.1,2017
California,1.103,2017
Colorado,1.067,2017
Connecticut,1.132,2017
Delaware,1.141,2017
Florida,1.124,2017
Georgia,1.174,2017
Hawaii,1.113,2017
Idaho,1.062,2017
Illinois,1.14,2017
Indiana,1.143,2017
Iowa,1.093,2017
Kansas,1.1,2017
Kentucky,1.123,2017
Louisiana,1.197,2017
Maine,1.171,2017
Maryland,1.149,2017
Massachusetts,1.123,2017
Michigan,1.116,2017
Minnesota,1.082,2017
Mississippi,1.198,2017
Missouri,1.123,2017
Montana,1.055,2017
Nebraska,1.091,2017
Nevada,1.075,2017
New Hampshire,1.072,2017
New Jersey,1.143,2017
New Mexico,1.106,2017
New York,1.167,2017
North Carolina,1.167,2017
North Dakota,1.048,2017
Ohio,1.131,2017
Oklahoma,1.129,2017
Oregon,1.094,2017
Pennsylvania,1.14,2017
Rhode Island,1.12,2017
South Carolina,1.184,2017
South Dakota,1.018,2017
Tennessee,1.142,2017
Texas,1.127,2017
Utah,1.071,2017
Vermont,1.125,2017
Virginia,1.106,2017
Washington,1.065,2017
West Virginia,1.071,2017
Wisconsin,1.112,2017
Wyoming,0.996,2017
Alabama,1.158,2013
Alaska,0.971,2013
Arizona,1.122,2013
Arkansas,1.088,2013
California,1.107,2013
Colorado,1.069,2013
Connecticut,1.119,2013
Delaware,1.168,2013
Florida,1.135,2013
Georgia,1.148,2013
Hawaii,1.088,2013
Idaho,1.08,2013
Illinois,1.132,2013
Indiana,1.143,2013
Iowa,1.089,2013
Kansas,1.085,2013
Kentucky,1.114,2013
Louisiana,1.199,2013
Maine,1.147,2013
Maryland,1.163,2013
Massachusetts,1.14,2013
Michigan,1.124,2013
Minnesota,1.083,2013
Mississippi,1.157,2013
Missouri,1.103,2013
Montana,1.074,2013
Nebraska,1.085,2013
Nevada,1.074,2013
New Hampshire,1.08,2013
New Jersey,1.139,2013
New Mexico,1.07,2013
New York,1.179,2013
North Carolina,1.171,2013
North Dakota,1.055,2013
Ohio,1.133,2013
Oklahoma,1.137,2013
Oregon,1.1,2013
Pennsylvania,1.142,2013
Rhode Island,1.112,2013
South Carolina,1.16,2013
South Dakota,1.045,2013
Tennessee,1.165,2013
Texas,1.121,2013
Utah,1.059,2013
Vermont,1.127,2013
Virginia,1.109,2013
Washington,1.078,2013
West Virginia,1.084,2013
Wisconsin,1.106,2013
Wyoming,0.949,2013
Alabama,1.16,2012
Alaska,1.019,2012
Arizona,1.1,2012
Arkansas,1.129,2012
California,1.105,2012
Colorado,1.054,2012
Connecticut,1.114,2012
Delaware,1.15,2012
Florida,1.133,2012
Georgia,1.165,2012
Hawaii,1.108,2012
Idaho,1.08,2012
Illinois,1.141,2012
Indiana,1.133,2012
Iowa,1.077,2012
Kansas,1.086,2012
Kentucky,1.122,2012
Louisiana,1.169,2012
Maine,1.117,2012
Maryland,1.158,2012
Massachusetts,1.139,2012
Michigan,1.128,2012
Minnesota,1.087,2012
Mississippi,1.227,2012
Missouri,1.145,2012
Montana,1.035,2012
Nebraska,1.101,2012
Nevada,1.081,2012
New Hampshire,1.086,2012
New Jersey,1.145,2012
New Mexico,1.1,2012
New York,1.176,2012
North Carolina,1.153,2012
North Dakota,1.055,2012
Ohio,1.125,2012
Oklahoma,1.129,2012
Oregon,1.102,2012
Pennsylvania,1.144,2012
Rhode Island,1.134,2012
South Carolina,1.18,2012
South Dakota,1.033,2012
Tennessee,1.151,2012
Texas,1.126,2012
Utah,1.052,2012
Vermont,1.085,2012
Virginia,1.116,2012
Washington,1.084,2012
West Virginia,1.095,2012
Wisconsin,1.101,2012
Wyoming,0.952,2012
Alabama,1.19,2011
Alaska,1.011,2011
Arizona,1.094,2011
Arkansas,1.102,2011
California,1.109,2011
Colorado,1.07,2011
Connecticut,1.113,2011
Delaware,1.151,2011
Florida,1.135,2011
Georgia,1.162,2011
Hawaii,1.1,2011
Idaho,1.091,2011
Illinois,1.142,2011
Indiana,1.124,2011
Iowa,1.083,2011
Kansas,1.092,2011
Kentucky,1.088,2011
Louisiana,1.186,2011
Maine,1.11,2011
Maryland,1.177,2011
Massachusetts,1.127,2011
Michigan,1.136,2011
Minnesota,1.079,2011
Mississippi,1.196,2011
Missouri,1.118,2011
Montana,1.04,2011
Nebraska,1.119,2011
Nevada,1.074,2011
New Hampshire,1.095,2011
New Jersey,1.145,2011
New Mexico,1.088,2011
New York,1.177,2011
North Carolina,1.158,2011
North Dakota,1.064,2011
Ohio,1.13,2011
Oklahoma,1.146,2011
Oregon,1.111,2011
Pennsylvania,1.143,2011
Rhode Island,1.158,2011
South Carolina,1.161,2011
South Dakota,1.045,2011
Tennessee,1.172,2011
Texas,1.133,2011
Utah,1.051,2011
Vermont,1.093,2011
Virginia,1.115,2011
Washington,1.058,2011
West Virginia,1.113,2011
Wisconsin,1.104,2011
Wyoming,1.01,2011
