state,education,year,state_legislature,governor,lt_governor,labour_force_participation,mngmt_job_wage_gap,bachelor_wage_gap,ab_legality,rape_rate,abortion_rate
Alabama,1.18,2020,0.157,1.0,0.0,0.782,0.64,25.1,0,32.7,113.548
Alaska,1.014,2020,0.367,0.0,0.0,0.795,0.779,18.1,1,154.8,164.547
Arizona,1.112,2020,0.389,0.0,0.0,0.789,0.701,23.2,1,44.0,184.862
Arkansas,1.115,2020,0.259,0.0,0.0,0.837,0.705,20.1,0,73.5,104.638
California,1.099,2020,0.308,0.0,1.0,0.764,0.734,18.6,1,34.2,16.075
Colorado,1.062,2020,0.44,0.0,1.0,0.818,0.729,25.1,1,62.9,170.6
Connecticut,1.134,2020,0.321,0.0,1.0,0.839,0.729,24.1,1,16.7,253.38
Delaware,1.148,2020,0.242,0.0,1.0,0.87,0.751,19.6,1,26.4,229.913
Florida,1.125,2020,0.294,0.0,1.0,0.806,0.718,17.1,1,35.4,346.778
Georgia,1.174,2020,0.301,0.0,0.0,0.799,0.69,22.4,1,31.9,349.801
Hawaii,1.092,2020,0.329,0.0,0.0,0.871,0.772,17.2,1,40.4,124.669
Idaho,1.058,2020,0.314,0.0,1.0,0.79,0.628,19.2,0,45.5,90.85
Illinois,1.131,2020,0.367,0.0,1.0,0.83,0.723,26.4,1,40.4,361.653
Indiana,1.122,2020,0.253,0.0,1.0,0.824,0.698,20.2,0,34.8,114.247
Iowa,1.08,2020,0.293,1.0,0.0,0.87,0.718,22.1,1,40.7,127.187
Kansas,1.097,2020,0.291,1.0,0.0,0.84,0.71,21.3,1,43.3,256.168
Kentucky,1.116,2020,0.246,0.0,1.0,0.845,0.708,20.0,0,30.6,91.049
Louisiana,1.187,2020,0.181,0.0,0.0,0.812,0.637,23.1,0,46.0,160.652
Maine,1.145,2020,0.376,1.0,0.0,0.875,0.747,17.5,1,36.0,151.369
Maryland,1.158,2020,0.404,0.0,0.0,0.851,0.765,23.5,1,28.6,249.012
Massachusetts,1.128,2020,0.29,0.0,1.0,0.877,0.751,22.1,1,26.9,235.172
Michigan,1.115,2020,0.365,1.0,0.0,0.824,0.671,23.1,1,60.9,294.64
Minnesota,1.087,2020,0.318,0.0,1.0,0.9,0.729,20.2,1,39.1,181.248
Mississippi,1.205,2020,0.161,0.0,0.0,0.825,0.661,15.6,0,38.7,120.312
Missouri,1.122,2020,0.244,0.0,0.0,0.858,0.706,21.4,0,43.3,2.714
Montana,1.052,2020,0.307,0.0,0.0,0.874,0.681,23.1,1,55.3,154.083
Nebraska,1.112,2020,0.286,0.0,0.0,0.873,0.748,17.2,1,60.0,121.163
Nevada,1.076,2020,0.54,0.0,1.0,0.809,0.763,25.1,1,59.0,277.085
New Hampshire,1.078,2020,0.34,0.0,0.0,0.863,0.678,24.3,1,39.7,1666.344
New Jersey,1.141,2020,0.308,0.0,1.0,0.826,0.689,21.4,1,14.4,46.302
New Mexico,1.12,2020,0.366,1.0,0.0,0.826,0.78,15.2,1,55.5,2980.66
New York,1.169,2020,0.315,0.0,1.0,0.858,0.782,14.2,1,28.3,77.784
North Carolina,1.17,2020,0.253,0.0,0.0,0.796,0.669,22.5,1,27.6,287.135
North Dakota,1.071,2020,0.22,0.0,0.0,0.875,0.671,15.2,1,51.7,150.606
Ohio,1.127,2020,0.273,0.0,0.0,0.845,0.772,20.1,1,43.2,174.655
Oklahoma,1.117,2020,0.215,0.0,0.0,0.818,0.702,18.1,0,52.8,95.765
Oregon,1.106,2020,0.433,1.0,0.0,0.845,0.79,18.2,1,36.9,164.696
Pennsylvania,1.132,2020,0.269,0.0,0.0,0.87,0.72,21.2,1,33.1,247.206
Rhode Island,1.127,2020,0.372,1.0,0.0,0.886,0.756,20.1,1,38.5,238.155
South Carolina,1.17,2020,0.171,0.0,1.0,0.813,0.667,25.1,1,40.0,106.55
South Dakota,1.054,2020,0.248,1.0,0.0,0.901,0.782,21.4,0,67.1,14.08
Tennessee,1.148,2020,0.152,0.0,0.0,0.805,0.705,23.2,0,38.9,162.339
Texas,1.13,2020,0.249,0.0,0.0,0.745,0.729,23.2,0,46.0,188.598
Utah,1.063,2020,0.26,0.0,0.0,0.789,0.62,30.1,1,55.7,71.929
Vermont,1.121,2020,0.406,0.0,0.0,0.929,0.812,10.2,1,34.2,190.856
Virginia,1.114,2020,0.286,0.0,0.0,0.82,0.659,26.5,1,26.5,180.676
Washington,1.062,2020,0.408,0.0,0.0,0.796,0.667,21.4,1,34.8,218.914
West Virginia,1.09,2020,0.142,0.0,0.0,0.863,0.669,18.2,0,46.6,55.877
Wisconsin,1.114,2020,0.258,0.0,0.0,0.799,0.706,20.2,0,34.6,109.052
Wyoming,0.981,2020,0.156,0.0,0.0,0.809,0.718,18.8,1,57.2,32.375
Alabama,1.184,2019,0.164,1.0,0.0,0.804,0.623,27.1,0,42.2,122.553
Alaska,1.059,2019,0.383,0.0,0.0,0.837,0.726,22.0,1,148.7,173.605
Arizona,1.107,2019,0.389,0.0,0.0,0.777,0.703,20.1,1,50.3,179.936
Arkansas,1.128,2019,0.244,0.0,0.0,0.832,0.715,18.5,0,77.2,98.184
California,1.096,2019,0.317,0.0,1.0,0.765,0.722,20.3,1,37.5,18.703
Colorado,1.062,2019,0.46,0.0,1.0,0.807,0.69,23.3,1,67.2,156.319
Connecticut,1.153,2019,0.321,0.0,1.0,0.837,0.713,26.2,1,21.6,258.1
Delaware,1.176,2019,0.242,0.0,1.0,0.827,0.747,16.2,1,31.8,209.702
Florida,1.121,2019,0.3,0.0,1.0,0.813,0.724,15.6,1,39.4,334.83
Georgia,1.193,2019,0.305,0.0,0.0,0.792,0.699,21.5,1,27.5,347.608
Hawaii,1.109,2019,0.316,0.0,0.0,0.861,0.785,18.2,1,54.0,141.468
Idaho,1.044,2019,0.324,0.0,1.0,0.758,0.635,21.2,0,45.3,84.664
Illinois,1.126,2019,0.362,0.0,1.0,0.822,0.698,22.2,1,48.0,367.09
Indiana,1.116,2019,0.253,0.0,1.0,0.823,0.682,21.3,0,36.8,113.44
Iowa,1.078,2019,0.293,1.0,0.0,0.868,0.722,19.4,1,36.9,113.024
Kansas,1.112,2019,0.279,1.0,0.0,0.827,0.683,22.1,1,48.6,236.638
Kentucky,1.115,2019,0.232,0.0,1.0,0.842,0.721,17.3,0,35.2,82.011
Louisiana,1.185,2019,0.153,0.0,0.0,0.81,0.657,21.3,0,48.9,175.185
Maine,1.133,2019,0.376,1.0,0.0,0.895,0.759,15.4,1,38.4,150.348
Maryland,1.164,2019,0.383,0.0,0.0,0.847,0.735,21.4,1,31.6,307.542
Massachusetts,1.127,2019,0.285,0.0,1.0,0.872,0.711,24.6,1,32.0,210.054
Michigan,1.118,2019,0.358,1.0,0.0,0.827,0.671,24.3,1,72.4,273.75
Minnesota,1.077,2019,0.313,0.0,1.0,0.892,0.713,21.4,1,43.4,176.253
Mississippi,1.194,2019,0.138,0.0,0.0,0.826,0.685,16.1,0,25.1,107.32
Missouri,1.124,2019,0.239,0.0,0.0,0.852,0.702,20.0,0,47.5,23.968
Montana,1.064,2019,0.307,0.0,0.0,0.857,0.726,21.3,1,58.4,146.71
Nebraska,1.119,2019,0.286,0.0,0.0,0.858,0.74,18.2,1,64.8,839.947
Nevada,1.099,2019,0.524,0.0,1.0,0.795,0.745,23.3,1,70.2,67.139
New Hampshire,1.081,2019,0.342,0.0,0.0,0.871,0.675,25.0,1,43.4,618.808
New Jersey,1.141,2019,0.317,0.0,1.0,0.814,0.684,19.4,1,17.2,249.691
New Mexico,1.126,2019,0.357,1.0,0.0,0.816,0.754,10.9,1,61.4,187.998
New York,1.168,2019,0.324,0.0,1.0,0.852,0.758,16.2,1,33.8,403.972
North Carolina,1.174,2019,0.253,0.0,0.0,0.806,0.673,22.3,1,31.0,271.26
North Dakota,1.104,2019,0.22,0.0,0.0,0.895,0.671,15.6,1,57.3,147.101
Ohio,1.126,2019,0.273,0.0,0.0,0.842,0.785,21.1,1,49.0,171.972
Oklahoma,1.125,2019,0.215,0.0,0.0,0.798,0.673,20.1,0,57.3,126.233
Oregon,1.116,2019,0.422,1.0,0.0,0.824,0.708,19.3,1,42.2,205.987
Pennsylvania,1.128,2019,0.261,0.0,0.0,0.868,0.706,21.0,1,34.0,242.29
Rhode Island,1.141,2019,0.372,1.0,0.0,0.866,0.767,18.3,1,46.3,198.138
South Carolina,1.196,2019,0.165,0.0,1.0,0.813,0.678,23.3,1,47.8,99.073
South Dakota,1.05,2019,0.229,1.0,0.0,0.899,0.746,20.0,0,72.6,46.798
Tennessee,1.173,2019,0.152,0.0,0.0,0.804,0.715,20.1,0,41.2,142.316
Texas,1.121,2019,0.232,0.0,0.0,0.737,0.713,20.4,0,51.1,197.528
Utah,1.062,2019,0.25,0.0,0.0,0.777,0.568,32.1,1,56.8,91.143
Vermont,1.088,2019,0.4,0.0,0.0,0.925,0.767,13.5,1,44.6,191.51
Virginia,1.126,2019,0.264,0.0,0.0,0.818,0.647,27.1,1,33.0,182.777
Washington,1.069,2019,0.401,0.0,0.0,0.806,0.678,20.0,1,43.8,226.687
West Virginia,1.064,2019,0.134,0.0,0.0,0.871,0.673,19.3,0,42.1,66.01
Wisconsin,1.119,2019,0.273,0.0,0.0,0.792,0.702,21.3,0,38.8,111.826
Wyoming,0.975,2019,0.156,0.0,0.0,0.813,0.721,22.0,1,56.0,41.295
Alabama,1.168,2018,0.15,1.0,0.0,0.789,0.632,25.0,0,40.8,132.66
Alaska,0.947,2018,0.317,0.0,1.0,0.767,0.751,16.2,1,161.6,174.525
Arizona,1.108,2018,0.4,0.0,0.0,0.779,0.718,18.5,1,50.7,173.763
Arkansas,1.1,2018,0.193,0.0,0.0,0.831,0.707,17.7,0,72.9,101.969
California,1.103,2018,0.258,0.0,0.0,0.765,0.723,17.5,1,39.2,16.847
Colorado,1.067,2018,0.38,0.0,1.0,0.805,0.683,23.2,1,71.5,157.697
Connecticut,1.132,2018,0.273,0.0,1.0,0.845,0.716,28.4,1,23.5,260.225
Delaware,1.141,2018,0.21,0.0,1.0,0.825,0.724,17.2,1,34.9,180.221
Florida,1.124,2018,0.256,0.0,0.0,0.831,0.741,16.3,1,39.6,330.625
Georgia,1.174,2018,0.267,0.0,0.0,0.797,0.708,20.4,1,25.2,322.686
Hawaii,1.113,2018,0.289,0.0,0.0,0.856,0.841,15.4,1,44.0,149.304
Idaho,1.062,2018,0.314,0.0,0.0,0.782,0.661,24.1,0,45.1,71.807
Illinois,1.14,2018,0.35,0.0,1.0,0.824,0.694,23.1,1,46.0,333.575
Indiana,1.143,2018,0.2,0.0,1.0,0.824,0.663,20.4,0,35.4,120.036
Iowa,1.093,2018,0.233,1.0,0.0,0.885,0.715,18.3,1,30.9,90.484
Kansas,1.1,2018,0.285,0.0,0.0,0.834,0.692,21.3,1,53.8,239.476
Kentucky,1.123,2018,0.167,0.0,1.0,0.848,0.716,18.2,0,38.2,71.798
Louisiana,1.197,2018,0.153,0.0,0.0,0.802,0.636,20.3,0,44.7,173.767
Maine,1.171,2018,0.339,0.0,0.0,0.897,0.757,14.8,1,33.3,145.55
Maryland,1.149,2018,0.335,0.0,0.0,0.86,0.727,19.4,1,32.8,302.462
Massachusetts,1.123,2018,0.245,0.0,1.0,0.874,0.722,25.3,1,34.9,388.165
Michigan,1.116,2018,0.25,0.0,0.0,0.827,0.681,23.9,1,76.9,99.258
Minnesota,1.082,2018,0.318,0.0,1.0,0.896,0.708,19.5,1,43.9,53.601
Mississippi,1.198,2018,0.144,0.0,0.0,0.809,0.676,15.3,0,18.0,496.072
Missouri,1.123,2018,0.228,0.0,0.0,0.862,0.723,18.6,0,47.5,47.536
Montana,1.055,2018,0.28,0.0,0.0,0.858,0.694,20.3,1,51.9,157.826
Nebraska,1.091,2018,0.265,0.0,0.0,0.865,0.74,15.4,1,63.9,107.914
Nevada,1.075,2018,0.397,0.0,0.0,0.794,0.769,23.2,1,76.8,291.312
New Hampshire,1.072,2018,0.288,0.0,0.0,0.866,0.712,25.2,1,39.4,1694.613
New Jersey,1.143,2018,0.308,0.0,1.0,0.812,0.694,20.7,1,16.0,43.293
New Mexico,1.106,2018,0.304,1.0,0.0,0.78,0.753,12.4,1,64.6,3700.745
New York,1.167,2018,0.282,0.0,1.0,0.862,0.765,15.5,1,33.6,70.393
North Carolina,1.167,2018,0.247,0.0,0.0,0.808,0.685,22.1,1,25.4,265.672
North Dakota,1.048,2018,0.184,0.0,0.0,0.897,0.681,15.8,1,52.2,150.512
Ohio,1.131,2018,0.22,0.0,1.0,0.839,0.841,19.2,1,45.3,174.926
Oklahoma,1.129,2018,0.128,1.0,0.0,0.786,0.68,19.5,0,58.3,126.642
Oregon,1.094,2018,0.333,1.0,0.0,0.835,0.691,20.3,1,47.1,208.877
Pennsylvania,1.14,2018,0.194,0.0,0.0,0.885,0.716,19.4,1,35.0,237.202
Rhode Island,1.12,2018,0.319,1.0,0.0,0.884,0.777,17.4,1,45.5,266.185
South Carolina,1.184,2018,0.159,0.0,0.0,0.816,0.676,23.2,1,47.9,91.382
South Dakota,1.018,2018,0.21,0.0,0.0,0.902,0.764,18.6,0,69.6,43.473
Tennessee,1.142,2018,0.159,0.0,0.0,0.818,0.707,18.5,0,41.7,160.67
Texas,1.127,2018,0.199,0.0,0.0,0.736,0.716,20.3,0,51.2,192.604
Utah,1.071,2018,0.202,0.0,0.0,0.779,0.568,31.8,1,55.5,97.731
Vermont,1.125,2018,0.394,0.0,0.0,0.916,0.776,14.2,1,45.8,192.838
Virginia,1.106,2018,0.271,0.0,0.0,0.827,0.643,26.3,1,34.3,193.782
Washington,1.065,2018,0.374,0.0,0.0,0.808,0.676,18.6,1,45.3,229.456
West Virginia,1.071,2018,0.149,0.0,0.0,0.866,0.685,20.3,0,36.1,83.523
Wisconsin,1.112,2018,0.242,0.0,1.0,0.797,0.723,20.4,0,38.7,107.173
Wyoming,0.996,2018,0.111,0.0,0.0,0.831,0.716,16.2,1,42.1,117.382
Alabama,1.161,2015,0.143,0.0,1.0,0.802,0.639,24.8,0,42.0,166.517
Alaska,0.972,2015,0.283,0.0,0.0,0.833,0.736,18.1,1,122.0,205.831
Arizona,1.103,2015,0.367,0.0,0.0,0.766,0.714,20.1,1,45.5,188.882
Arkansas,1.129,2015,0.2,0.0,0.0,0.825,0.709,18.1,0,64.8,142.812
California,1.104,2015,0.258,0.0,0.0,0.752,0.727,19.4,1,32.7,15.011
Colorado,1.079,2015,0.42,0.0,0.0,0.804,0.695,23.8,1,59.7,195.354
Connecticut,1.123,2015,0.283,0.0,1.0,0.843,0.716,24.8,1,21.5,295.808
Delaware,1.15,2015,0.242,0.0,0.0,0.842,0.738,16.5,1,36.0,312.031
Florida,1.135,2015,0.25,0.0,0.0,0.81,0.739,16.3,1,37.3,356.806
Georgia,1.176,2015,0.237,0.0,0.0,0.779,0.703,20.4,1,31.6,294.868
Hawaii,1.064,2015,0.289,0.0,0.0,0.86,0.815,15.9,1,39.2,150.979
Idaho,1.037,2015,0.286,0.0,0.0,0.776,0.641,20.4,0,41.9,81.947
Illinois,1.133,2015,0.328,0.0,1.0,0.821,0.694,23.1,1,37.5,299.185
Indiana,1.122,2015,0.207,0.0,1.0,0.813,0.668,20.6,0,36.3,122.843
Iowa,1.084,2015,0.227,0.0,1.0,0.871,0.718,18.5,1,37.0,128.807
Kansas,1.092,2015,0.242,0.0,0.0,0.829,0.685,21.7,1,55.5,248.16
Kentucky,1.124,2015,0.167,0.0,1.0,0.845,0.705,18.7,0,33.7,77.768
Louisiana,1.182,2015,0.118,0.0,0.0,0.802,0.626,20.9,0,36.9,221.282
Maine,1.129,2015,0.29,0.0,0.0,0.894,0.746,15.6,1,35.7,152.154
Maryland,1.156,2015,0.319,0.0,0.0,0.851,0.738,21.3,1,27.7,306.972
Massachusetts,1.122,2015,0.25,0.0,1.0,0.88,0.704,24.7,1,30.5,284.859
Michigan,1.12,2015,0.203,0.0,0.0,0.823,0.677,23.1,1,65.0,278.19
Minnesota,1.09,2015,0.333,0.0,1.0,0.895,0.718,19.6,1,42.3,184.658
Mississippi,1.197,2015,0.167,0.0,0.0,0.826,0.689,15.3,0,40.2,77.063
Missouri,1.15,2015,0.249,0.0,0.0,0.859,0.705,19.6,0,42.0,83.337
Montana,1.086,2015,0.313,0.0,1.0,0.851,0.705,20.9,1,53.0,164.002
Nebraska,1.108,2015,0.224,0.0,0.0,0.844,0.742,15.9,1,46.0,120.025
Nevada,1.074,2015,0.317,0.0,0.0,0.794,0.764,23.8,1,58.4,283.647
New Hampshire,1.096,2015,0.29,1.0,0.0,0.861,0.699,26.3,1,47.1,963.296
New Jersey,1.134,2015,0.308,0.0,1.0,0.817,0.683,20.6,1,15.3,272.679
New Mexico,1.147,2015,0.268,1.0,0.0,0.801,0.774,11.4,1,80.2,215.384
New York,1.168,2015,0.254,0.0,1.0,0.859,0.765,15.2,1,30.7,492.051
North Carolina,1.17,2015,0.224,0.0,0.0,0.793,0.664,23.2,1,26.7,245.274
North Dakota,1.071,2015,0.191,0.0,0.0,0.894,0.677,15.4,1,45.6,167.625
Ohio,1.121,2015,0.25,0.0,1.0,0.845,0.815,20.4,1,44.3,182.362
Oklahoma,1.11,2015,0.141,1.0,0.0,0.797,0.696,19.2,0,47.3,125.745
Oregon,1.107,2015,0.311,1.0,0.0,0.84,0.701,18.6,1,39.5,204.966
Pennsylvania,1.138,2015,0.186,0.0,0.0,0.871,0.715,20.6,1,33.6,251.282
Rhode Island,1.155,2015,0.274,1.0,0.0,0.889,0.758,18.3,1,43.5,283.127
South Carolina,1.167,2015,0.141,1.0,0.0,0.813,0.677,23.8,1,46.9,116.804
South Dakota,1.062,2015,0.21,0.0,0.0,0.901,0.762,19.6,0,57.7,64.521
Tennessee,1.167,2015,0.174,0.0,0.0,0.817,0.709,20.1,0,40.5,187.721
Texas,1.129,2015,0.199,0.0,0.0,0.747,0.716,20.8,0,44.6,197.116
Utah,1.054,2015,0.154,0.0,0.0,0.766,0.584,30.4,1,54.9,98.865
Vermont,1.103,2015,0.411,0.0,0.0,0.918,0.793,13.8,1,21.7,197.532
Virginia,1.121,2015,0.171,0.0,0.0,0.821,0.647,16.3,1,27.9,241.419
Washington,1.06,2015,0.34,0.0,0.0,0.793,0.677,19.6,1,37.7,247.22
West Virginia,1.088,2015,0.149,0.0,0.0,0.861,0.664,18.6,0,36.4,93.917
Wisconsin,1.115,2015,0.258,0.0,1.0,0.779,0.705,20.6,0,30.8,100.678
Wyoming,0.984,2015,0.133,0.0,0.0,0.81,0.705,18.1,1,29.5,133.706
Alabama,1.175,2014,0.143,0.0,1.0,0.778,0.643,26.3,0,41.3,175.245
Alaska,1.021,2014,0.267,0.0,0.0,0.784,0.725,16.6,1,104.7,196.935
Arizona,1.1,2014,0.356,1.0,0.0,0.772,0.713,20.4,1,50.2,199.111
Arkansas,1.117,2014,0.17,0.0,0.0,0.824,0.713,17.5,0,59.4,125.7
California,1.093,2014,0.267,0.0,0.0,0.747,0.724,18.5,1,29.7,17.369
Colorado,1.098,2014,0.41,0.0,0.0,0.799,0.692,25.1,1,56.7,190.632
Connecticut,1.117,2014,0.294,0.0,1.0,0.839,0.724,26.8,1,21.7,293.78
Delaware,1.175,2014,0.258,0.0,0.0,0.863,0.748,18.4,1,41.3,326.224
Florida,1.12,2014,0.256,0.0,0.0,0.815,0.726,16.5,1,43.0,366.458
Georgia,1.167,2014,0.225,0.0,0.0,0.779,0.705,21.6,1,30.2,304.68
Hawaii,1.083,2014,0.303,0.0,0.0,0.81,0.796,16.3,1,31.3,139.056
Idaho,1.067,2014,0.267,0.0,0.0,0.775,0.638,20.6,0,37.3,84.298
Illinois,1.134,2014,0.322,0.0,1.0,0.805,0.698,22.6,1,32.3,316.272
Indiana,1.124,2014,0.207,0.0,1.0,0.812,0.675,21.7,0,33.1,124.044
Iowa,1.093,2014,0.233,0.0,1.0,0.873,0.719,19.8,1,36.3,142.248
Kansas,1.082,2014,0.255,0.0,0.0,0.831,0.689,21.6,1,48.6,255.889
Kentucky,1.113,2014,0.181,0.0,1.0,0.842,0.712,18.1,0,32.6,82.39
Louisiana,1.179,2014,0.125,0.0,0.0,0.808,0.639,20.6,0,29.6,214.836
Maine,1.139,2014,0.296,0.0,0.0,0.892,0.751,14.9,1,36.5,145.733
Maryland,1.162,2014,0.303,0.0,0.0,0.85,0.731,20.6,1,27.1,257.903
Massachusetts,1.131,2014,0.25,0.0,0.0,0.873,0.717,25.1,1,32.3,287.582
Michigan,1.133,2014,0.189,0.0,0.0,0.826,0.684,24.5,1,63.3,263.045
Minnesota,1.077,2014,0.338,0.0,1.0,0.898,0.705,19.5,1,36.7,181.689
Mississippi,1.198,2014,0.172,0.0,0.0,0.825,0.683,15.4,0,35.3,72.564
Missouri,1.121,2014,0.223,0.0,0.0,0.851,0.703,20.7,0,39.2,89.429
Montana,1.064,2014,0.273,0.0,1.0,0.888,0.715,20.6,1,52.9,180.258
Nebraska,1.093,2014,0.204,0.0,0.0,0.859,0.734,16.3,1,45.8,115.84
Nevada,1.068,2014,0.27,0.0,0.0,0.793,0.768,25.1,1,47.8,214.933
New Hampshire,1.081,2014,0.328,1.0,0.0,0.864,0.703,27.1,1,44.8,1115.694
New Jersey,1.128,2014,0.308,0.0,1.0,0.814,0.694,20.5,1,14.3,245.022
New Mexico,1.109,2014,0.286,1.0,0.0,0.773,0.751,11.9,1,70.7,200.903
New York,1.171,2014,0.207,0.0,0.0,0.851,0.769,16.1,1,27.5,498.935
North Carolina,1.168,2014,0.218,0.0,0.0,0.798,0.668,22.1,1,24.3,229.742
North Dakota,1.055,2014,0.177,0.0,0.0,0.892,0.684,15.9,1,48.4,160.293
Ohio,1.129,2014,0.235,0.0,1.0,0.849,0.796,19.3,1,43.5,200.091
Oklahoma,1.123,2014,0.134,1.0,0.0,0.795,0.681,19.5,0,45.8,129.261
Oregon,1.117,2014,0.311,0.0,0.0,0.838,0.693,19.3,1,36.7,209.096
Pennsylvania,1.133,2014,0.178,0.0,0.0,0.873,0.719,21.3,1,29.9,251.073
Rhode Island,1.12,2014,0.265,0.0,1.0,0.873,0.754,18.9,1,34.2,307.879
South Carolina,1.175,2014,0.129,1.0,0.0,0.814,0.669,25.1,1,42.8,121.859
South Dakota,1.075,2014,0.219,0.0,0.0,0.898,0.769,20.7,0,55.1,70.778
Tennessee,1.156,2014,0.167,0.0,0.0,0.805,0.713,20.4,0,38.6,217.329
Texas,1.127,2014,0.215,0.0,0.0,0.738,0.724,21.9,0,42.3,234.265
Utah,1.044,2014,0.163,0.0,0.0,0.772,0.587,30.8,1,49.4,105.622
Vermont,1.07,2014,0.394,0.0,0.0,0.925,0.796,13.5,1,17.6,194.653
Virginia,1.111,2014,0.171,0.0,0.0,0.819,0.635,27.1,1,27.7,250.897
Washington,1.052,2014,0.327,0.0,0.0,0.798,0.669,20.7,1,38.2,249.367
West Virginia,1.088,2014,0.164,0.0,0.0,0.864,0.668,19.3,0,27.3,101.433
Wisconsin,1.109,2014,0.258,0.0,1.0,0.779,0.703,21.7,0,29.1,112.353
Wyoming,0.973,2014,0.156,0.0,0.0,0.815,0.712,16.6,1,29.8,122.397
Alabama,1.181,2016,0.143,0.0,1.0,0.778,0.658,24.7,0,39.4,121.291
Alaska,1.042,2016,0.283,0.0,0.0,0.841,0.752,18.3,1,141.9,179.916
Arizona,1.106,2016,0.356,0.0,0.0,0.766,0.709,19.5,1,47.5,182.321
Arkansas,1.135,2016,0.193,0.0,0.0,0.83,0.713,18.3,0,71.7,126.124
California,1.097,2016,0.25,0.0,0.0,0.757,0.731,17.4,1,34.9,15.651
Colorado,1.063,2016,0.42,0.0,1.0,0.8,0.686,24.5,1,64.2,182.589
Connecticut,1.116,2016,0.273,0.0,1.0,0.841,0.722,26.4,1,21.3,277.742
Delaware,1.168,2016,0.242,0.0,0.0,0.812,0.745,17.8,1,32.4,293.491
Florida,1.136,2016,0.25,0.0,0.0,0.804,0.734,15.9,1,36.9,349.398
Georgia,1.187,2016,0.242,0.0,0.0,0.79,0.693,20.6,1,34.0,301.003
Hawaii,1.089,2016,0.289,0.0,0.0,0.851,0.835,15.4,1,43.3,141.921
Idaho,1.051,2016,0.286,0.0,0.0,0.774,0.643,19.4,0,42.7,75.607
Illinois,1.133,2016,0.328,0.0,1.0,0.811,0.715,23.5,1,38.3,310.876
Indiana,1.126,2016,0.207,0.0,0.0,0.818,0.682,21.4,0,37.7,119.937
Iowa,1.081,2016,0.227,0.0,1.0,0.867,0.727,19.7,1,39.8,127.388
Kansas,1.087,2016,0.242,0.0,0.0,0.828,0.697,20.9,1,45.1,238.11
Kentucky,1.11,2016,0.159,0.0,1.0,0.843,0.707,19.7,0,37.0,71.831
Louisiana,1.193,2016,0.16,0.0,0.0,0.807,0.648,21.6,0,38.8,200.122
Maine,1.136,2016,0.29,0.0,0.0,0.887,0.749,16.7,1,30.9,137.909
Maryland,1.169,2016,0.314,0.0,0.0,0.854,0.755,21.8,1,29.2,208.001
Massachusetts,1.138,2016,0.25,0.0,1.0,0.876,0.746,23.7,1,31.2,272.143
Michigan,1.123,2016,0.196,0.0,0.0,0.828,0.683,24.8,1,71.8,272.859
Minnesota,1.078,2016,0.333,0.0,1.0,0.891,0.716,18.7,1,42.5,178.553
Mississippi,1.243,2016,0.138,0.0,0.0,0.822,0.673,16.3,0,42.7,87.452
Missouri,1.112,2016,0.249,0.0,0.0,0.853,0.713,20.4,0,41.9,78.28
Montana,1.078,2016,0.313,0.0,0.0,0.864,0.698,21.6,1,55.4,154.776
Nebraska,1.108,2016,0.224,0.0,0.0,0.866,0.746,15.4,1,52.1,105.163
Nevada,1.078,2016,0.317,0.0,0.0,0.799,0.751,24.5,1,58.9,243.902
New Hampshire,1.092,2016,0.285,1.0,0.0,0.871,0.693,24.8,1,43.6,1451.903
New Jersey,1.139,2016,0.3,0.0,1.0,0.813,0.685,21.3,1,16.2,259.175
New Mexico,1.092,2016,0.268,1.0,0.0,0.797,0.769,10.7,1,73.3,223.223
New York,1.175,2016,0.254,0.0,1.0,0.853,0.773,15.3,1,31.7,474.171
North Carolina,1.168,2016,0.218,0.0,0.0,0.803,0.683,22.9,1,28.1,272.098
North Dakota,1.071,2016,0.191,0.0,0.0,0.887,0.683,15.7,1,45.1,154.553
Ohio,1.128,2016,0.242,0.0,1.0,0.839,0.835,20.6,1,48.1,180.293
Oklahoma,1.128,2016,0.141,1.0,0.0,0.786,0.682,18.9,0,52.0,119.934
Oregon,1.083,2016,0.311,1.0,0.0,0.837,0.703,19.3,1,42.0,210.515
Pennsylvania,1.133,2016,0.186,0.0,0.0,0.867,0.708,20.4,1,34.7,248.923
Rhode Island,1.129,2016,0.274,1.0,0.0,0.884,0.761,19.8,1,41.8,250.669
South Carolina,1.161,2016,0.141,1.0,0.0,0.82,0.672,24.5,1,48.1,116.54
South Dakota,1.112,2016,0.21,0.0,0.0,0.904,0.759,20.4,0,58.8,51.449
Tennessee,1.159,2016,0.167,0.0,0.0,0.813,0.713,19.5,0,40.8,171.697
Texas,1.126,2016,0.199,0.0,0.0,0.741,0.722,21.6,0,48.0,193.234
Utah,1.055,2016,0.154,0.0,0.0,0.766,0.579,30.1,1,49.8,104.41
Vermont,1.129,2016,0.411,0.0,0.0,0.922,0.789,13.6,1,28.5,202.836
Virginia,1.119,2016,0.193,0.0,0.0,0.826,0.644,26.8,1,32.5,221.912
Washington,1.059,2016,0.333,0.0,0.0,0.803,0.672,20.4,1,42.2,234.387
West Virginia,1.105,2016,0.149,0.0,0.0,0.871,0.683,19.3,0,35.9,82.795
Wisconsin,1.119,2016,0.258,0.0,1.0,0.79,0.713,21.4,0,34.2,98.049
Wyoming,0.964,2016,0.133,0.0,0.0,0.804,0.707,18.3,1,35.0,159.873
Alabama,1.168,2017,0.15,1.0,0.0,0.784,0.644,25.2,0,41.6,136.261
Alaska,0.947,2017,0.3,0.0,0.0,0.841,0.743,17.3,1,116.7,170.339
Arizona,1.108,2017,0.4,0.0,0.0,0.777,0.706,19.5,1,51.0,189.267
Arkansas,1.1,2017,0.185,0.0,0.0,0.834,0.704,19.4,0,68.3,106.852
California,1.103,2017,0.225,0.0,0.0,0.763,0.726,18.4,1,37.2,17.12
Colorado,1.067,2017,0.37,0.0,1.0,0.809,0.674,24.2,1,68.8,148.488
Connecticut,1.132,2017,0.278,0.0,1.0,0.843,0.718,25.4,1,23.3,280.721
Delaware,1.141,2017,0.21,0.0,1.0,0.821,0.734,15.6,1,34.7,226.792
Florida,1.124,2017,0.25,0.0,0.0,0.806,0.734,16.5,1,37.8,332.815
Georgia,1.174,2017,0.271,0.0,0.0,0.788,0.695,20.1,1,26.1,324.783
Hawaii,1.113,2017,0.276,0.0,0.0,0.882,0.826,16.4,1,39.7,179.304
Idaho,1.062,2017,0.314,0.0,0.0,0.76,0.655,18.3,0,41.2,75.042
Illinois,1.14,2017,0.35,0.0,1.0,0.822,0.704,24.2,1,43.4,300.356
Indiana,1.143,2017,0.2,0.0,1.0,0.816,0.673,21.5,0,39.4,109.296
Iowa,1.093,2017,0.227,1.0,0.0,0.869,0.725,20.4,1,39.2,118.477
Kansas,1.1,2017,0.285,0.0,0.0,0.826,0.704,20.6,1,55.9,233.436
Kentucky,1.123,2017,0.167,0.0,1.0,0.842,0.719,19.4,0,37.3,74.389
Louisiana,1.197,2017,0.153,0.0,0.0,0.8,0.644,22.1,0,39.9,192.118
Maine,1.171,2017,0.339,0.0,0.0,0.878,0.744,16.4,1,35.4,151.43
Maryland,1.149,2017,0.319,0.0,0.0,0.848,0.745,20.7,1,27.9,292.785
Massachusetts,1.123,2017,0.255,0.0,1.0,0.873,0.734,25.2,1,32.0,260.956
Michigan,1.116,2017,0.25,0.0,0.0,0.825,0.691,23.6,1,70.6,264.662
Minnesota,1.082,2017,0.323,0.0,1.0,0.892,0.703,19.1,1,42.8,179.96
Mississippi,1.198,2017,0.149,0.0,0.0,0.822,0.668,15.8,0,36.6,85.963
Missouri,1.123,2017,0.223,0.0,0.0,0.858,0.716,19.6,0,44.6,74.705
Montana,1.055,2017,0.287,0.0,0.0,0.875,0.705,22.1,1,58.4,153.732
Nebraska,1.091,2017,0.265,0.0,0.0,0.849,0.739,16.4,1,62.0,99.533
Nevada,1.075,2017,0.397,0.0,0.0,0.797,0.757,24.2,1,63.0,245.26
New Hampshire,1.072,2017,0.297,0.0,0.0,0.869,0.685,24.7,1,49.4,1212.719
New Jersey,1.143,2017,0.308,0.0,1.0,0.814,0.691,21.8,1,16.7,275.392
New Mexico,1.106,2017,0.304,1.0,0.0,0.785,0.765,12.4,1,60.3,218.617
New York,1.167,2017,0.277,0.0,1.0,0.858,0.778,16.4,1,31.9,445.773
North Carolina,1.167,2017,0.253,0.0,0.0,0.803,0.675,22.7,1,26.4,264.291
North Dakota,1.048,2017,0.184,0.0,0.0,0.878,0.691,15.1,1,52.8,153.654
Ohio,1.131,2017,0.22,0.0,1.0,0.837,0.826,19.5,1,50.3,177.295
Oklahoma,1.129,2017,0.134,1.0,0.0,0.781,0.693,18.5,0,54.5,109.226
Oregon,1.094,2017,0.333,1.0,0.0,0.829,0.697,20.5,1,48.3,215.801
Pennsylvania,1.14,2017,0.186,0.0,0.0,0.869,0.705,19.8,1,32.8,241.491
Rhode Island,1.12,2017,0.31,1.0,0.0,0.873,0.768,19.4,1,42.0,234.827
South Carolina,1.184,2017,0.141,0.0,0.0,0.814,0.683,24.2,1,49.8,114.234
South Dakota,1.018,2017,0.2,0.0,0.0,0.898,0.754,19.6,0,68.4,54.075
Tennessee,1.142,2017,0.159,0.0,0.0,0.808,0.704,19.5,0,43.7,167.467
Texas,1.127,2017,0.204,0.0,0.0,0.738,0.718,21.4,0,51.1,189.01
Utah,1.071,2017,0.202,0.0,0.0,0.777,0.578,30.8,1,54.7,97.0
Vermont,1.125,2017,0.4,0.0,0.0,0.913,0.786,14.7,1,35.0,207.898
Virginia,1.106,2017,0.193,0.0,0.0,0.823,0.642,27.1,1,33.8,201.546
Washington,1.065,2017,0.374,0.0,0.0,0.803,0.683,19.6,1,44.0,230.084
West Virginia,1.071,2017,0.134,0.0,0.0,0.869,0.675,20.5,0,43.8,78.591
Wisconsin,1.112,2017,0.227,0.0,1.0,0.788,0.716,21.5,0,36.9,96.923
Wyoming,0.996,2017,0.111,0.0,0.0,0.806,0.719,17.3,1,45.4,110.376
Alabama,1.158,2013,0.136,0.0,1.0,0.782,0.658,27.1,0,42.3,187.906
Alaska,0.971,2013,0.283,0.0,0.0,0.832,0.747,17.9,1,125.4,221.418
Arizona,1.122,2013,0.356,1.0,0.0,0.758,0.708,19.5,1,46.0,201.123
Arkansas,1.088,2013,0.17,0.0,0.0,0.808,0.715,18.7,0,48.1,127.796
California,1.107,2013,0.267,0.0,0.0,0.748,0.731,19.3,1,25.3,17.639
Colorado,1.069,2013,0.41,0.0,0.0,0.781,0.684,24.8,1,55.7,189.257
Connecticut,1.119,2013,0.294,0.0,1.0,0.833,0.728,26.4,1,26.6,332.56
Delaware,1.168,2013,0.258,0.0,0.0,0.872,0.736,19.1,1,41.0,413.935
Florida,1.135,2013,0.256,0.0,0.0,0.804,0.728,15.3,1,34.6,389.606
Georgia,1.148,2013,0.225,0.0,0.0,0.778,0.692,21.3,1,25.8,314.566
Hawaii,1.088,2013,0.303,0.0,0.0,0.82,0.799,17.2,1,27.4,200.534
Idaho,1.08,2013,0.257,0.0,0.0,0.774,0.658,19.5,0,40.6,90.491
Illinois,1.132,2013,0.311,0.0,1.0,0.81,0.707,22.7,1,33.1,335.033
Indiana,1.143,2013,0.207,0.0,1.0,0.816,0.686,20.6,0,32.6,134.09
Iowa,1.089,2013,0.233,0.0,1.0,0.871,0.725,17.4,1,35.0,150.275
Kansas,1.085,2013,0.236,0.0,0.0,0.832,0.694,20.8,1,41.3,257.534
Kentucky,1.114,2013,0.174,0.0,0.0,0.846,0.719,17.8,0,36.7,86.499
Louisiana,1.199,2013,0.118,0.0,0.0,0.81,0.631,21.5,0,35.0,199.48
Maine,1.147,2013,0.296,0.0,0.0,0.885,0.755,14.6,1,33.7,75.602
Maryland,1.163,2013,0.303,0.0,0.0,0.847,0.758,20.5,1,25.8,297.644
Massachusetts,1.14,2013,0.255,0.0,0.0,0.871,0.725,24.9,1,40.6,298.839
Michigan,1.124,2013,0.189,0.0,0.0,0.829,0.673,22.9,1,66.6,234.337
Minnesota,1.083,2013,0.338,0.0,1.0,0.899,0.703,20.1,1,37.0,197.673
Mississippi,1.157,2013,0.178,0.0,0.0,0.828,0.676,16.4,0,31.1,72.807
Missouri,1.103,2013,0.218,0.0,0.0,0.857,0.714,19.2,0,37.8,93.102
Montana,1.074,2013,0.273,0.0,0.0,0.863,0.706,21.5,1,40.4,200.381
Nebraska,1.085,2013,0.204,0.0,0.0,0.836,0.731,17.2,1,42.9,123.252
Nevada,1.074,2013,0.286,0.0,0.0,0.799,0.757,24.8,1,50.8,260.017
New Hampshire,1.08,2013,0.335,1.0,0.0,0.864,0.716,25.2,1,51.8,1392.635
New Jersey,1.139,2013,0.292,0.0,1.0,0.813,0.701,21.3,1,12.6,259.152
New Mexico,1.07,2013,0.277,1.0,0.0,0.785,0.765,12.6,1,70.3,168.095
New York,1.179,2013,0.221,0.0,0.0,0.857,0.771,14.7,1,17.1,531.837
North Carolina,1.171,2013,0.218,0.0,0.0,0.803,0.672,21.4,1,24.1,248.28
North Dakota,1.055,2013,0.17,0.0,0.0,0.885,0.673,15.2,1,45.6,184.201
Ohio,1.133,2013,0.235,0.0,1.0,0.845,0.799,19.7,1,34.9,220.037
Oklahoma,1.137,2013,0.134,1.0,0.0,0.779,0.674,19.8,0,56.6,133.655
Oregon,1.1,2013,0.278,0.0,0.0,0.826,0.696,20.4,1,48.3,229.855
Pennsylvania,1.142,2013,0.178,0.0,0.0,0.871,0.705,19.8,1,29.5,270.313
Rhode Island,1.112,2013,0.265,0.0,1.0,0.877,0.768,17.8,1,41.8,336.372
South Carolina,1.16,2013,0.129,1.0,0.0,0.815,0.671,24.8,1,45.5,127.706
South Dakota,1.045,2013,0.229,0.0,0.0,0.9,0.754,19.2,0,59.1,75.269
Tennessee,1.165,2013,0.167,0.0,0.0,0.808,0.715,19.5,0,36.2,244.197
Texas,1.121,2013,0.21,0.0,0.0,0.745,0.728,20.5,0,36.9,257.554
Utah,1.059,2013,0.163,0.0,0.0,0.758,0.593,31.4,1,49.0,112.954
Vermont,1.127,2013,0.411,0.0,0.0,0.92,0.801,14.1,1,20.7,202.807
Virginia,1.109,2013,0.179,0.0,0.0,0.824,0.654,27.4,1,27.4,277.688
Washington,1.078,2013,0.32,0.0,0.0,0.803,0.671,19.2,1,36.9,264.016
West Virginia,1.084,2013,0.164,0.0,0.0,0.864,0.672,20.4,0,35.2,98.602
Wisconsin,1.106,2013,0.258,0.0,1.0,0.778,0.714,20.6,0,29.4,120.748
Wyoming,0.949,2013,0.167,0.0,0.0,0.804,0.719,16.9,1,32.1,141.379
Alabama,1.16,2012,0.136,0.0,1.0,0.764,0.648,26.1,0,26.9,197.754
Alaska,1.019,2012,0.25,0.0,0.0,0.837,0.736,17.5,1,79.7,222.742
Arizona,1.1,2012,0.333,1.0,0.0,0.762,0.704,18.7,1,34.7,219.696
Arkansas,1.129,2012,0.222,0.0,0.0,0.802,0.708,18.5,0,42.3,136.612
California,1.105,2012,0.283,0.0,0.0,0.747,0.729,18.5,1,20.6,18.536
Colorado,1.054,2012,0.4,0.0,0.0,0.78,0.653,25.8,1,40.7,201.708
Connecticut,1.114,2012,0.299,0.0,1.0,0.834,0.715,25.7,1,25.6,350.948
Delaware,1.15,2012,0.258,0.0,0.0,0.82,0.749,16.4,1,26.5,414.564
Florida,1.133,2012,0.256,0.0,1.0,0.808,0.738,16.1,1,27.2,399.869
Georgia,1.165,2012,0.237,0.0,0.0,0.784,0.696,20.7,1,21.4,330.962
Hawaii,1.108,2012,0.355,0.0,0.0,0.825,0.805,18.3,1,20.5,191.496
Idaho,1.08,2012,0.276,0.0,0.0,0.781,0.632,18.7,0,30.0,90.264
Illinois,1.141,2012,0.311,0.0,1.0,0.811,0.71,23.6,1,27.7,320.776
Indiana,1.133,2012,0.213,0.0,1.0,0.817,0.665,20.1,0,25.5,139.376
Iowa,1.077,2012,0.213,0.0,1.0,0.867,0.714,18.6,1,28.3,156.525
Kansas,1.086,2012,0.273,0.0,0.0,0.828,0.698,20.4,1,36.5,269.924
Kentucky,1.122,2012,0.188,0.0,0.0,0.846,0.726,17.4,0,29.0,90.212
Louisiana,1.169,2012,0.111,0.0,0.0,0.808,0.644,21.7,0,25.2,194.633
Maine,1.117,2012,0.29,0.0,0.0,0.88,0.741,16.7,1,28.0,133.536
Maryland,1.158,2012,0.309,0.0,0.0,0.848,0.754,21.3,1,21.0,225.701
Massachusetts,1.139,2012,0.245,0.0,0.0,0.88,0.715,23.4,1,24.7,310.716
Michigan,1.128,2012,0.209,0.0,0.0,0.821,0.667,23.7,1,46.4,236.088
Minnesota,1.087,2012,0.328,0.0,1.0,0.897,0.718,20.4,1,30.5,205.891
Mississippi,1.227,2012,0.161,0.0,0.0,0.827,0.671,16.2,0,27.5,74.535
Missouri,1.145,2012,0.239,0.0,0.0,0.854,0.725,18.7,0,25.1,95.811
Montana,1.035,2012,0.24,0.0,0.0,0.876,0.698,21.7,1,37.7,213.891
Nebraska,1.101,2012,0.224,0.0,0.0,0.843,0.744,18.3,1,38.3,127.988
Nevada,1.081,2012,0.254,0.0,0.0,0.801,0.759,25.8,1,33.7,262.61
New Hampshire,1.086,2012,0.245,0.0,0.0,0.873,0.713,26.1,1,34.0,1040.905
New Jersey,1.145,2012,0.292,0.0,1.0,0.817,0.696,21.7,1,11.7,300.262
New Mexico,1.1,2012,0.277,1.0,0.0,0.795,0.774,10.7,1,45.9,195.611
New York,1.176,2012,0.222,0.0,0.0,0.854,0.775,15.6,1,14.6,568.622
North Carolina,1.153,2012,0.247,1.0,0.0,0.806,0.698,22.6,1,20.3,268.65
North Dakota,1.055,2012,0.156,0.0,0.0,0.88,0.667,15.4,1,38.9,177.844
Ohio,1.125,2012,0.235,0.0,1.0,0.839,0.805,20.5,1,31.7,214.427
Oklahoma,1.129,2012,0.128,1.0,0.0,0.782,0.688,19.7,0,41.6,141.824
Oregon,1.102,2012,0.289,0.0,0.0,0.854,0.698,19.4,1,29.2,245.371
Pennsylvania,1.144,2012,0.17,0.0,0.0,0.867,0.708,19.6,1,26.1,284.167
Rhode Island,1.134,2012,0.257,0.0,1.0,0.882,0.769,18.3,1,27.4,394.929
South Carolina,1.18,2012,0.1,1.0,0.0,0.819,0.678,25.8,1,35.5,135.224
South Dakota,1.033,2012,0.2,0.0,0.0,0.898,0.751,18.7,0,70.2,71.62
Tennessee,1.151,2012,0.182,0.0,0.0,0.814,0.708,18.7,0,31.5,249.694
Texas,1.126,2012,0.21,0.0,0.0,0.748,0.715,20.8,0,29.6,277.299
Utah,1.052,2012,0.163,0.0,0.0,0.762,0.586,31.7,1,33.0,118.666
Vermont,1.085,2012,0.389,0.0,0.0,0.918,0.805,14.2,1,19.3,216.423
Virginia,1.116,2012,0.171,0.0,0.0,0.827,0.648,26.4,1,17.7,310.48
Washington,1.084,2012,0.32,1.0,0.0,0.806,0.678,18.7,1,31.8,293.241
West Virginia,1.095,2012,0.179,0.0,0.0,0.873,0.698,19.4,0,22.7,98.93
Wisconsin,1.101,2012,0.242,0.0,1.0,0.784,0.725,20.1,0,21.3,126.732
Wyoming,0.952,2012,0.156,0.0,0.0,0.81,0.705,17.9,1,26.7,162.067
Alabama,1.19,2011,0.136,0.0,1.0,0.78,0.633,25.2,0,28.5,214.208
Alaska,1.011,2011,0.233,0.0,0.0,0.837,0.736,17.5,1,60.2,237.493
Arizona,1.094,2011,0.344,1.0,0.0,0.762,0.715,19.4,1,38.6,176.713
Arkansas,1.102,2011,0.222,0.0,0.0,0.815,0.705,17.5,0,41.9,154.115
California,1.109,2011,0.283,0.0,0.0,0.745,0.725,19.3,1,20.3,17.812
Colorado,1.07,2011,0.41,0.0,0.0,0.78,0.674,23.7,1,44.7,218.898
Connecticut,1.113,2011,0.299,0.0,1.0,0.836,0.718,23.8,1,19.2,374.497
Delaware,1.151,2011,0.258,0.0,0.0,0.842,0.74,18.5,1,33.8,514.227
Florida,1.135,2011,0.256,0.0,1.0,0.81,0.731,15.8,1,27.6,419.393
Georgia,1.162,2011,0.237,0.0,0.0,0.769,0.701,21.8,1,21.1,352.821
Hawaii,1.1,2011,0.342,0.0,0.0,0.832,0.804,16.2,1,25.6,222.137
Idaho,1.091,2011,0.276,0.0,0.0,0.762,0.638,18.5,0,28.0,95.334
Illinois,1.142,2011,0.311,0.0,1.0,0.824,0.713,23.9,1,23.6,325.309
Indiana,1.124,2011,0.213,0.0,1.0,0.813,0.677,22.5,0,27.0,154.193
Iowa,1.083,2011,0.213,0.0,1.0,0.871,0.728,19.5,1,28.3,176.073
Kansas,1.092,2011,0.273,0.0,0.0,0.83,0.702,21.5,1,39.1,290.427
Kentucky,1.088,2011,0.188,0.0,0.0,0.842,0.705,19.4,0,34.3,89.912
Louisiana,1.186,2011,0.16,0.0,0.0,0.807,0.648,20.3,0,27.6,193.897
Maine,1.11,2011,0.29,0.0,0.0,0.886,0.747,16.3,1,29.7,173.984
Maryland,1.177,2011,0.309,0.0,0.0,0.852,0.737,21.7,1,20.5,250.487
Massachusetts,1.127,2011,0.245,0.0,0.0,0.876,0.706,22.9,1,25.0,314.534
Michigan,1.136,2011,0.209,0.0,0.0,0.824,0.689,24.1,1,44.0,235.843
Minnesota,1.079,2011,0.313,0.0,1.0,0.894,0.713,20.5,1,39.5,215.202
Mississippi,1.196,2011,0.149,0.0,0.0,0.823,0.667,15.6,0,29.0,77.113
Missouri,1.118,2011,0.239,0.0,0.0,0.868,0.715,19.5,0,24.4,102.541
Montana,1.04,2011,0.24,0.0,0.0,0.863,0.682,20.3,1,36.7,216.581
Nebraska,1.119,2011,0.224,0.0,0.0,0.858,0.736,16.2,1,37.9,133.864
Nevada,1.074,2011,0.286,0.0,0.0,0.802,0.751,27.2,1,33.6,287.054
New Hampshire,1.095,2011,0.248,0.0,0.0,0.865,0.705,23.5,1,44.1,938.038
New Jersey,1.145,2011,0.283,0.0,1.0,0.819,0.698,20.6,1,11.4,319.626
New Mexico,1.088,2011,0.268,1.0,0.0,0.778,0.765,12.1,1,41.2,229.71
New York,1.177,2011,0.212,0.0,0.0,0.868,0.778,16.4,1,14.1,593.48
North Carolina,1.158,2011,0.224,1.0,0.0,0.804,0.661,22.5,1,20.3,320.494
North Dakota,1.064,2011,0.149,0.0,0.0,0.886,0.689,15.8,1,38.8,188.405
Ohio,1.13,2011,0.227,0.0,1.0,0.844,0.804,20.4,1,31.9,243.602
Oklahoma,1.146,2011,0.128,1.0,0.0,0.806,0.695,20.1,0,37.3,160.94
Oregon,1.111,2011,0.278,0.0,0.0,0.849,0.704,18.6,1,32.0,258.004
Pennsylvania,1.143,2011,0.174,0.0,0.0,0.871,0.716,19.3,1,26.2,288.55
Rhode Island,1.158,2011,0.257,0.0,1.0,0.886,0.758,18.7,1,30.4,396.811
South Carolina,1.161,2011,0.094,1.0,0.0,0.817,0.679,27.2,1,35.9,138.356
South Dakota,1.045,2011,0.2,0.0,0.0,0.899,0.768,19.5,0,61.1,89.487
Tennessee,1.172,2011,0.182,0.0,0.0,0.808,0.705,19.4,0,32.7,255.856
Texas,1.133,2011,0.21,0.0,0.0,0.732,0.718,22.3,0,29.2,302.051
Utah,1.051,2011,0.173,0.0,0.0,0.762,0.584,30.6,1,32.0,134.31
Vermont,1.093,2011,0.383,0.0,0.0,0.917,0.794,14.5,1,23.3,212.583
Virginia,1.115,2011,0.193,0.0,0.0,0.825,0.651,26.9,1,19.6,320.238
Washington,1.058,2011,0.32,1.0,0.0,0.804,0.679,19.5,1,34.0,309.435
West Virginia,1.113,2011,0.179,0.0,0.0,0.865,0.661,18.6,0,20.1,107.687
Wisconsin,1.104,2011,0.258,0.0,1.0,0.769,0.715,22.5,0,20.8,137.153
Wyoming,1.01,2011,0.144,0.0,0.0,0.808,0.726,17.5,1,25.7,182.267
